DROP TABLE PEDIDO_PRODUCTO;
DROP TABLE PEDIDO;
DROP TABLE CUOTA_TRIMESTRAL;
DROP TABLE VENDEDOR;
DROP TABLE CLIENTE;
DROP TABLE PRODUCTO;

DROP SEQUENCE SEQ_VENDEDOR;
DROP SEQUENCE SEQ_PEDIDO;

CREATE TABLE VENDEDOR(
    COD_VENDEDOR NUMBER(6) PRIMARY KEY,
    NOMBRE_COMPLETO VARCHAR2(100)
);

CREATE TABLE CLIENTE(
    N_DOCUMENTO_CLIENTE NUMBER(11) PRIMARY KEY,
    TIPO_DOCUMENTO VARCHAR2(5),
    NOMBRE VARCHAR2(120) NOT NULL,
    TIPO VARCHAR2(50),
    UBIC_REFER VARCHAR2(30),
    UBIC_DISTRITO VARCHAR2(30) NOT NULL,
    UBIC_DIRECCION VARCHAR2(200) NOT NULL
);

CREATE TABLE PEDIDO(
    N_PEDIDO NUMBER(20) NOT NULL,
    N_DOCUMENTO_CLIENTE NUMBER(20) REFERENCES CLIENTE NOT NULL,
    COD_VENDEDOR NUMBER(10) REFERENCES VENDEDOR NOT NULL,    
    CONDICION_PAGO VARCHAR2(30) NOT NULL,
    N_COMPROBANTE VARCHAR2(20) NOT NULL,
    TOTAL_VALOR_VENTA FLOAT,
    DESCUENTO_TOTAL FLOAT,
    FECHA DATE NOT NULL,
    CONSTRAINT PK_PEDIDO PRIMARY KEY(N_PEDIDO, N_DOCUMENTO_CLIENTE)
);

CREATE TABLE PRODUCTO(
    COD_PRODUCTO VARCHAR2(50) PRIMARY KEY,
    FAMILIA VARCHAR2(50),
    LINEA VARCHAR2(50),
    SUBLINEA VARCHAR2(50),
    VALOR_VENTA FLOAT,
    DESCRIPCION VARCHAR2(200)
);

CREATE TABLE CUOTA_TRIMESTRAL(
    COD_CUOTA NUMBER(8) PRIMARY KEY,
    COD_VENDEDOR NUMBER(6) REFERENCES VENDEDOR NOT NULL,
    COD_PRODUCTO VARCHAR(15) REFERENCES PRODUCTO NOT NULL,
    FECHA DATE NOT NULL,
    CANTIDAD NUMBER(4) NOT NULL
);

CREATE TABLE PEDIDO_PRODUCTO(
    N_PEDIDO NUMBER(20) NOT NULL,
    N_DOCUMENTO_CLIENTE NUMBER(20) NOT NULL REFERENCES CLIENTE,
    COD_PRODUCTO VARCHAR(20) REFERENCES PRODUCTO NOT NULL,
    CANTIDAD NUMBER(20) NOT NULL,
    CONSTRAINT PK_PEDIDO_PRODUCTO PRIMARY KEY(N_PEDIDO, N_DOCUMENTO_CLIENTE, COD_PRODUCTO)
);

CREATE SEQUENCE SEQ_VENDEDOR START WITH 100000 INCREMENT BY 1;
CREATE SEQUENCE SEQ_PEDIDO START WITH 13000 INCREMENT BY 1;

INSERT INTO VENDEDOR VALUES(SEQ_VENDEDOR.NEXTVAL,'ARMANDO JUAREZ ELIAS');
INSERT INTO VENDEDOR VALUES(SEQ_VENDEDOR.NEXTVAL,'OFICINA');
INSERT INTO VENDEDOR VALUES(SEQ_VENDEDOR.NEXTVAL,'OFICINA 11');
INSERT INTO VENDEDOR VALUES(SEQ_VENDEDOR.NEXTVAL,'OFICINA 14');
INSERT INTO VENDEDOR VALUES(SEQ_VENDEDOR.NEXTVAL,'OFICINA 2');
INSERT INTO VENDEDOR VALUES(SEQ_VENDEDOR.NEXTVAL,'OFICINA 8');
INSERT INTO VENDEDOR VALUES(SEQ_VENDEDOR.NEXTVAL,'RENEE AUGUSTO MUÑOZ ROBLES');

INSERT INTO CLIENTE VALUES(10412582654,'RUC','RAMOS SANCHEZ WILFREDO ALEXANDER','NO DETERMINADO','','HUAMACHUCO','CAL. GARCILAZO DE LA VEGA NRO. 1057');
INSERT INTO CLIENTE VALUES(10486999409,'RUC','CHAMBI CHAHUARES YOSSELIN','NO DETERMINADO','','LA VICTORIA','CAL. FRANCIA NRO. 1803   URB. SAN PABLO');
INSERT INTO CLIENTE VALUES(20603606605,'RUC','ROBINSON PUSE S.A.C.','NO DETERMINADO','RIMAC','RIMAC','JR. CAJAMARCA NRO. 388');
INSERT INTO CLIENTE VALUES(20602526314,'RUC','EMPRESA DE SERVICIOS GENERALES MEGALLANTAS EYJO SOCIEDAD ANONIMA CERRADA','NO DETERMINADO','','CHAUPIMARCA','NRO. 412   CIRCUNVALACION TUPAC AMAR');
INSERT INTO CLIENTE VALUES(10763125195,'RUC','YACOLCA ALIAGA JERALDIN YADIRA','NO DETERMINADO','CERRO DE PAS','CHAUPIMARCA','JR.ZINC MZ K LT 4 URB. CIUDAD REAL DE MINAS CHAUPIMARCA');
INSERT INTO CLIENTE VALUES(10179804366,'RUC','ALCANTARA ESPARZA SANTOS JORGE','NO DETERMINADO','TRUJILLO','TRUJILLO','PRO. MIRAFLORES NRO. 2225   URB. MAMPUESTO');
INSERT INTO CLIENTE VALUES(10446149828,'RUC','DE LA CRUZ ROJAS WUESLEY JUNIOR','NO DETERMINADO','CHICLAYO','CHICLAYO','AV.AUGUSTO B LEGUIA N°951 INT. 105 URB.SAN LORENZO');
INSERT INTO CLIENTE VALUES(48419288,'DNI','DANNY MIGUEL ROSALES JORGE','AUTOBOUTIQUES MAYORISTAS','','TARMA','AV. PAULO DE OTERO N° 673 -TARMA');
INSERT INTO CLIENTE VALUES(10474501251,'RUC','ROSALES JORGE RONALD DAVID','NO DETERMINADO','TARMA','TARMA','AV. FCO. DE PAULA OTERO NRO. 731');
INSERT INTO CLIENTE VALUES(10484192885,'RUC','ROSALES JORGE DANNY MIGUEL','NO DETERMINADO','1239','TARMA','AV. FCO. DE PAULA OTERO NRO. 787   SEC. TARMA');
INSERT INTO CLIENTE VALUES(47450125,'DNI','RONALD DAVID ROSALES JORGE','NO DETERMINADO','TARMA','TARMA','AV. FRANCISCO DE PAULA OTERO NRO 731 TARMA');
INSERT INTO CLIENTE VALUES(10485178401,'RUC','ALVA MENDOZA ANGIE JIANY','NO DETERMINADO','PICHANAQUI','PICHANAQUI','AV. OLLANTA HUMALA MZ. C LT. 10  A.H. 3 DE MAYO');
INSERT INTO CLIENTE VALUES(20602514839,'RUC','IMPORTACIONES TOYOTA PART´S S.A.C.','NO DETERMINADO','','PICHANAQUI','AV. MARGINAL NRO. 722   URB. PICHANAQUI');
INSERT INTO CLIENTE VALUES(10462162826,'RUC','LAIMES AGUILAR CELIA OLINDA','NO DETERMINADO','PICHANAQUI','PICHANAQUI','AV.SANTA ROSA 699 PICHANAQUI');
INSERT INTO CLIENTE VALUES(10200365157,'RUC','BALBIN GALVAN FREDY HERMOGENES','NO DETERMINADO','SATIPO','SATIPO','JR. MIGUEL GRAU NRO. 507');
INSERT INTO CLIENTE VALUES(10180788358,'RUC','RENGIFO SEGURA EDITH NOEMI','NO DETERMINADO','TRUJILLO','TRUJILLO','AV. CESAR VALLEJO NRO. 610   URB. PALERMO ET. 2');
INSERT INTO CLIENTE VALUES(10436259013,'RUC','QUISPE FERNANDEZ FRANKLIN IGNACIO','NO DETERMINADO','HUANCAYO','EL TAMBO','JR. SANTA ISABEL NRO 1561');
INSERT INTO CLIENTE VALUES(20602357202,'RUC','INVERSIONES IVAN SAIR SOCIEDAD COMERCIAL DE RESPONSABILIDAD LIMITADA','NO DETERMINADO','HUANCAYO','EL TAMBO','JR. SANTA ISABEL NRO. 1565');
INSERT INTO CLIENTE VALUES(10476829319,'RUC','RAMIREZ PECHO OSWALDO ARMANDO','NO DETERMINADO','HUANCAYO','EL TAMBO','JR. SANTA ISABEL NRO. 1520');
INSERT INTO CLIENTE VALUES(10404693579,'RUC','LOPEZ CHUQUILLANQUI BEATRIZ SILVIA','NO DETERMINADO','HUANCAYO','EL TAMBO','AV. MARISCAL CASTILLA NRO. 2464 INT. A');
INSERT INTO CLIENTE VALUES(20568857144,'RUC','INVERSIONES YOHANARA S.R.L','NO DETERMINADO','HUANCAYO','EL TAMBO','AV. MARIATEGUI NRO. 320');
INSERT INTO CLIENTE VALUES(10422587565,'RUC','SOTO LAZO PATRICIA','NO DETERMINADO','HUANCAYO','EL TAMBO','AV. MARIATEGUI NRO. 381');
INSERT INTO CLIENTE VALUES(10206767885,'RUC','VIVANCO MAITA MARIA ANTONIA','NO DETERMINADO','HUANCAYO','EL TAMBO','AV. MARISCAL CASTILLA NRO. 2466');
INSERT INTO CLIENTE VALUES(10230034830,'RUC','ALDABE RIVERA JOEL ERMINIO','NO DETERMINADO','HUANCAYO','EL TAMBO','AV. JOSE CARLOS MARIATEGUI NRO. 317 INT. A');
INSERT INTO CLIENTE VALUES(20600360869,'RUC','COZAWY S.A.C.','NO DETERMINADO','HUANCAYO','EL TAMBO','PJ. SANTA MARIA NRO. 225');
INSERT INTO CLIENTE VALUES(10199140979,'RUC','RAMON RAMOS ESTELITA VICTORIA','NO DETERMINADO','HUANCAYO','EL TAMBO','AV. JOSE CARLOS MARIATEGUI NRO. 387');
INSERT INTO CLIENTE VALUES(10476534751,'RUC','CUSCO ASTO ROSMERY SORAYDA','NO DETERMINADO','HUANCAYO','EL TAMBO','JR.SANTA ISABEL 1569 EL TAMBO');
INSERT INTO CLIENTE VALUES(10200426997,'RUC','SANCHEZ MEZA CONSTANTINA','NO DETERMINADO','HUANCAYO','EL TAMBO','JR. NEMESIO RAEZ NRO. 1527');
INSERT INTO CLIENTE VALUES(10101436310,'RUC','MAYCA FIGUEROA MILUSKA FANNY','NO DETERMINADO','','CHANCHAMAYO','AV. CARLOS TECHEIRA N°516  LA MERCED');
INSERT INTO CLIENTE VALUES(45448426,'DNI','JOSE ARMANDO JUAREZ ELIAS','NO DETERMINADO','PUENTE PIEDR','LIMA','ASENT.H. ESTRELLA SIMON BOLIVAR MZ G LT 14');
INSERT INTO CLIENTE VALUES(10442833007,'RUC','JIMENEZ TORREJON ALFREDITO','NO DETERMINADO','CHACHAPOYAS','CHACHAPOYAS','JR. GRAU NRO. 260');
INSERT INTO CLIENTE VALUES(10447706895,'RUC','VARGAS TRAUCO JOHANCY OCTAVIA','NO DETERMINADO','CHACHAPOYAS','ASUNCION','NRO. S/N ANEX. GONCHA ASUNCIÓN - CHACHAPOYAS-AMAZONAS');
INSERT INTO CLIENTE VALUES(10486964443,'RUC','VALVERDE CORDOVA ALVARO ADAN','NO DETERMINADO','CHIMBOTE','HUARAZ','PRO. ALFONSO UGARTE NRO. 1137   P.J. MAGDALENA NUEVA-CHIMBOTE');
INSERT INTO CLIENTE VALUES(10757499784,'RUC','REYES VELASQUEZ JUNIOR MANUEL','NO DETERMINADO','HUARAZ','HUARAZ','AV.CONFRATERNIDA INTER. OESTE 134-HUARAZ');
INSERT INTO CLIENTE VALUES(10400667115,'RUC','ZARAGOZA MAGUIÑA GEOVANA J','NO DETERMINADO','HUARAZ','HUARAZ','AV. CONF.INTERNACIONAL OESTE NRO. 541   BARRIO HUARUPAMPA');
INSERT INTO CLIENTE VALUES(10316639165,'RUC','TRUJILLO CACHA NELLY ANA','NO DETERMINADO','HUARAZ','HUARAZ','AV. CONF.INTER.OESTE NRO. 203   CONO ALUVIONICO OESTE');
INSERT INTO CLIENTE VALUES(20602587771,'RUC','SENATINO´S MOTOR PARTS E.I.R.L.','NO DETERMINADO','HUARAZ','HUARAZ','AV. CENTENARIO NRO. 1863   BAR. EL MILAGRO');
INSERT INTO CLIENTE VALUES(20530781250,'RUC','EMPRESA COMERCIALIZADORA Y SERVICIOS AUTO BOUTIQUE MISHELL S','NO DETERMINADO','','INDEPENDENCIA','AV. INDEPENDENCIA NRO. 1970');
INSERT INTO CLIENTE VALUES(20601244251,'RUC','MULTISERVICIOS HERMANOS ZAMBRANO S.R.L.','NO DETERMINADO','HUARAZ','INDEPENDENCIA','AV. CENTENARIO NRO. 2121   BAR. PALMIRA ALTA');
INSERT INTO CLIENTE VALUES(10329314192,'RUC','CHACON TRUJILLO LILIANA NERIDA','NO DETERMINADO','CHIMBOTE','CHIMBOTE','AV. PROLG. PARDO NRO. 1380   MIRAMAR BAJO');
INSERT INTO CLIENTE VALUES(20403024849,'RUC','AUTO PART''S MELIRIS SRL','AUTOBOUTIQUES MAYORISTAS','CHIMBOTE','CHIMBOTE','AV. PARDO NRO. 1372   P.J. MIRAMAR BAJO');
INSERT INTO CLIENTE VALUES(20603811748,'RUC','SERVICIOS GENERALES KRISMAR E.I.R.L.','NO DETERMINADO','CHIMBOTE','CHIMBOTE','AV. JOSE PARDO NRO. 1675   A.H. MIRAFLORES ALTO');
INSERT INTO CLIENTE VALUES(10463416686,'RUC','MOSCOSO OBANDO LUIS ENRIQUE','NO DETERMINADO','CHIMBOTE','CHIMBOTE','AV. VICTOR RAUL HAYA DE LATOR NRO. 1162 P.J. MIRAMAR BAJO (FRENTE AL REST. CIELO AZUL MZ. I LT.3) AN');
INSERT INTO CLIENTE VALUES(10328730389,'RUC','ALVARADO RODRIGUEZ EVER OSCAR','NO DETERMINADO','CHIMBOTE','CHIMBOTE','AV. PARDO NRO. 1198   P.J. MIRAMAR BAJO');
INSERT INTO CLIENTE VALUES(10442062582,'RUC','AGUILAR DEXTRE ANGEL VALENTINO','AUTOBOUTIQUES MAYORISTAS','HUARAZ','INDEPENDENCIA','AV.CONFRATERNIDAD INTERNACIO NRO. 593 URB.LOS ANGELES');
INSERT INTO CLIENTE VALUES(20607356514,'RUC','MULTISERVICIOS Y REPUESTOS OMAR S.A.C.','NO DETERMINADO','CARAZ','CARAZ','CAR. YANACHACA NRO. SN   URB. CARAZ');
INSERT INTO CLIENTE VALUES(71939070,'DNI','GARCIA SIANCAS EDUARDO PABLO NIK','NO DETERMINADO','CHIMBOTE','CHIMBOTE','AV.VICTOR RAUL HAYA DE LA TO 1355 H.A. MIRAMAR ALTO COSTADO DE LA VIDRIERIA SAN AGUASTIN');
INSERT INTO CLIENTE VALUES(10329603674,'RUC','SABA SALAZAR JOSE','NO DETERMINADO','','CHIMBOTE','PRO JOSE PARDO NRO. 1253   P.J. MIRAMAR ALTO');
INSERT INTO CLIENTE VALUES(10468892141,'RUC','VASQUEZ CALDERON RONALD','NO DETERMINADO','CAJAMARCA','CAJAMARCA','AV. VIA DE EVITAMIENTO SUR NRO. 766   A.H. VICTOR RAUL');
INSERT INTO CLIENTE VALUES(20600780582,'RUC','AJL AUTOSPORT E.I.R.L.','NO DETERMINADO','CAJAMARCA','CAJAMARCA','JR. SUCRE NRO. 406   BAR. LA FLORIDA');
INSERT INTO CLIENTE VALUES(20600260805,'RUC','AUTOPARTES Y SERVICIOS AGUA BLANCA E.I.R.L.','NO DETERMINADO','CAJAMARCA','CAJAMARCA','JR. SUCRE NRO. 395 INT. A   BARR. LA FLORIDA');
INSERT INTO CLIENTE VALUES(10416145259,'RUC','TELLO AGUILAR WILSON CIRO','NO DETERMINADO','','CAJAMARCA','AV. VIA DE EVITAMIENTO SUR NRO. 766   ASC. VICTOR RAUL');
INSERT INTO CLIENTE VALUES(20570777786,'RUC','INVERSIONES Y SERVICIOS GENERALES MUÑOZ PMR SAC','NO DETERMINADO','BAMBAMARCA','BAMBAMARCA','AV. RICARDO PALMA NRO. 235   CENT. BAMBAMARCA');
INSERT INTO CLIENTE VALUES(20489724970,'RUC','CAEISA SOCIEDAD COMERCIAL DE RESPONSABILIDAD LIMITADA','NO DETERMINADO','HUANUCO','HUANUCO','MLC. DANIAL ALOMIA ROBLES NRO. 567');
INSERT INTO CLIENTE VALUES(20600602137,'RUC','FACTORIA ALESA EMPRESA INDIVIDUAL DE RESPONSABILIDAD LIMITAD','NO DETERMINADO','HUANUCO','HUANUCO','MLC. ALOMIA ROBLES NRO. 715   CENT C.U. HUANUCO');
INSERT INTO CLIENTE VALUES(10224877531,'RUC','MACHADO FERNANDEZ FILOMENO','NO DETERMINADO','','HUANUCO','MLC. ALOMIA ROBLES NRO. 713');
INSERT INTO CLIENTE VALUES(20600838386,'RUC','MULTIMARCAS AUTOMOTRIZ PEPE SOCIEDAD ANONIMA CERRADA','NO DETERMINADO','HUANUCO','AMARILIS','AV. 28 DE AGOSTO NRO. 301   CENT PAUCARBAMBA');
INSERT INTO CLIENTE VALUES(20133932730,'RUC','AUTOMOTORES MOPAL SA','NO DETERMINADO','PUCALLPA','AMARILIS','VIA INTER REG. HCOTINGO KM. 2.5');
INSERT INTO CLIENTE VALUES(10417774578,'RUC','RAMON RAFAELO MERY','NO DETERMINADO','HUANUCO','AMARILIS','PJ. SEÑOR DE LOS MILAGROS NRO. 208   C.P. CENTRO POBLADO MENOR');
INSERT INTO CLIENTE VALUES(22487603,'DNI','ELVIRA CRUZ MEJIA','NO DETERMINADO','TINGO MARIA','RUPA-RUPA','AV.AMAZONAS 639 TINGO MARIA');
INSERT INTO CLIENTE VALUES(10224876039,'RUC','CRUZ MEJIA ELVIRA','NO DETERMINADO','TINGO MARIA','RUPA-RUPA','AV.AMAZONAS NRO 743 TINGO MARIA HUANUCO');
INSERT INTO CLIENTE VALUES(10224864995,'RUC','COTRINA RAMIREZ ENER ADONAY','AUTOBOUTIQUES MAYORISTAS','TINGO MARIA','RUPA-RUPA','AV. AMAZONAS NRO. 637');
INSERT INTO CLIENTE VALUES(10198329369,'RUC','VIDAL ARROYO BENJAMIN','NO DETERMINADO','HUANCAYO','HUANCAYO','CAL. MIGUEL GRAU NRO. 204   PALIAN');
INSERT INTO CLIENTE VALUES(47682931,'DNI','ARMANDO OSWALDO RAMIREZ PECHO','AUTOBOUTIQUES MAYORISTAS','','HUANCAYO','JR. SANTA ISABEL N° 1520 JUNIN -HUANCAYO-TAMBO');
INSERT INTO CLIENTE VALUES(10448322641,'RUC','CASAS MAXIMILIANO KELLY ROSARIO','NO DETERMINADO','','HUANCAYO','AV. MARIATEGUI NRO. 287');
INSERT INTO CLIENTE VALUES(20514520624,'RUC','EQUIPAR R AND J S.A.C.','NO DETERMINADO','','LA VICTORIA','AV. MEJICO NRO. 794');
INSERT INTO CLIENTE VALUES(10476261509,'RUC','CAMPOS MANRIQUE GROVER','NO DETERMINADO','AV.MEXICO','LA VICTORIA','AV. MEXICO NRO. 666   U.V. MATUTE');
INSERT INTO CLIENTE VALUES(20508244542,'RUC','AUTO BOUTIQUE NARANJITO SCRL','NO DETERMINADO','AV MEXICO','LA VICTORIA','AV. MEXICO NRO. 602');
INSERT INTO CLIENTE VALUES(20556401811,'RUC','AVIL IMPORT SOCIEDAD ANONIMA CERRADA - AVIL IMPORT S.A.C.','NO DETERMINADO','AV.AVIACION','LA VICTORIA','AV. AVIACION NRO. 871');
INSERT INTO CLIENTE VALUES(20522417409,'RUC','LA PEQUEÑA TIENDITA  S.A.C.','AUTOBOUTIQUES MAYORISTAS','LA VICTORIA','LA VICTORIA','AV. MEJICO NRO. 1649');
INSERT INTO CLIENTE VALUES(10074388758,'RUC','JORGE GUTIERREZ SULCA','NO DETERMINADO','AV.MEXICO','LA VICTORIA','AV. MEXICO NRO. 818   URB. BALCONCILLO');
INSERT INTO CLIENTE VALUES(20602457347,'RUC','AUTOSUR GROUP E.I.R.L.','NO DETERMINADO','CHORRILLOS','CHORRILLOS','AV. HUAYLAS MZ. Z1 LT. 11');
INSERT INTO CLIENTE VALUES(20547314426,'RUC','SERVICIOS RSC DIESEL E.I.R.L.','NO DETERMINADO','INDEPENDENCI','INDEPENDENCIA','JR. RUFINO MACEDO S/N INT. 11 MZ. H  URB. INDUSTRIAL PANAMERICA NOR');
INSERT INTO CLIENTE VALUES(07112513,'DNI','ARMANDO TEJEDA YDONE','NO DETERMINADO','EL AGUSTINO','EL AGUSTINO','CALLE LAS GRANADAS ACASIAS 260');
INSERT INTO CLIENTE VALUES(10028667073,'RUC','AGUILAR RIVERA SEGUNDO SATURNINO','NO DETERMINADO','PIURA','PIURA','PUESTO NRO. 23   DREN AVELINO CACERES');
INSERT INTO CLIENTE VALUES(80173758,'DNI','CROSKY LENIN VILLEGAS RIVERA','NO DETERMINADO','PIURA','PIURA','DREN AVELINO CACERES S/N FRENTE A PETRO PERU-PIURA');
INSERT INTO CLIENTE VALUES(10028569756,'RUC','FARFAN TAVARA KARINA MARISELA','NO DETERMINADO','PIURA','PIURA','MZ 26PUESTO 02UNIDAD NRO. 01   INT MERCADO MODELO');
INSERT INTO CLIENTE VALUES(43621806,'DNI','ROSITA ELENA YARLEQUE TORRES','NO DETERMINADO','PIURA','PIURA','ASENT.H.LUIS ALBERTO SANCHEZ MZ B LT 55');
INSERT INTO CLIENTE VALUES(10400025521,'RUC','MORE COVEÑAS JOVANY','NO DETERMINADO','PIURA','PIURA','STAND 02 INT. 02 MZ. E LT. 22  URB. GRAU');
INSERT INTO CLIENTE VALUES(20604586187,'RUC','MOPAL PASCO S.A.','NO DETERMINADO','CERRO DE PAS','CHAUPIMARCA','JR. MOQUEGUA MZ. Y LT. 1  A.H. TAHUANTINSUYO');
INSERT INTO CLIENTE VALUES(10448234881,'RUC','CONDEZO MELGAREJO WILFREDO WILE','NO DETERMINADO','CERRO DE PAS','CHAUPIMARCA','JR. CELISIO MZ. K LT. 8  RELLENO PATARCOCHA');
INSERT INTO CLIENTE VALUES(10027713292,'RUC','VILLEGAS RIVERA ALEXANDER','NO DETERMINADO','PIURA','PIURA','PUESTO NRO 2 INT. 20 MZA. H');
INSERT INTO CLIENTE VALUES(20571525080,'RUC','TAUROCAR EL ARTE SOBRE RUEDAS E.I.R.L.','NO DETERMINADO','','HUACHO','AV. TUPAC AMARU NRO. 322');
INSERT INTO CLIENTE VALUES(47395656,'DNI','ALIN CHILON MUNDACA','NO DETERMINADO','LIMA','SAN MARTIN DE PORRES','JR.BELLO  HORIZONTE NRO 2854');
INSERT INTO CLIENTE VALUES(20513669306,'RUC','GRUPO KA S.A.C.','AUTOBOUTIQUES MAYORISTAS','CHORRILLOS','SANTIAGO DE SURCO','AV. DE LOS PRECURSORES NRO. 207  DPTO. 602 URB. VALLE HERMOSO OESTE');
INSERT INTO CLIENTE VALUES(20600923693,'RUC','FABRICIO IMPORT S.A.C.','NO DETERMINADO','','SAN LUIS','AV. CANADA NRO. 2073 INT. A   URB. LIMATAMBO NORTE');
INSERT INTO CLIENTE VALUES(10158620869,'RUC','VILCA CHAMBI FREDDY RUFINO','NO DETERMINADO','BARRANCA','BARRANCA','CAL. CALLE INDEPENDENCIA NRO. 274');
INSERT INTO CLIENTE VALUES(10401875331,'RUC','QUICHIZ CATIRI JOHANN HERNAN ARTURO','NO DETERMINADO','BARRANCA','BARRANCA','CAL. PEDRO R. BARBOZA NRO. 153');
INSERT INTO CLIENTE VALUES(20607174556,'RUC','MDV INGENIERIA S.A.C.','NO DETERMINADO','Lima','SAN JUAN DE LURIGANCHO','CAL. SATELITE NRO. 279   ASC. SANTA ELIZABETH ET. UNO');
INSERT INTO CLIENTE VALUES(20605120432,'RUC','COORPORACION WILSED S.A.C.','NO DETERMINADO','NUEVA CAJAMA','RIOJA','JR. RAIMONDI NRO. 575');
INSERT INTO CLIENTE VALUES(10423414371,'RUC','ACOSTA SANTISTEBAN JOSE MANUEL','NO DETERMINADO','NUEVA CAJAMA','NUEVA CAJAMARCA','AV. CAJAMARCA NORTE NRO. SN');
INSERT INTO CLIENTE VALUES(20542289610,'RUC','WILKEANCAR S.A.C.','NO DETERMINADO','NUEVA CAJAMA','NUEVA CAJAMARCA','JR. BOLOGNESI NRO. 648');
INSERT INTO CLIENTE VALUES(10059541469,'RUC','LEYVA AVILA PABLO EDUARDO','NO DETERMINADO','PUCALLPA','CALLERIA','AV. AVIACION NRO. 119');
INSERT INTO CLIENTE VALUES(10228936028,'RUC','ESTEBAN TRUJILLO FIDENCIO','NO DETERMINADO','PUCALLPA','CALLERIA','AV. CENTENARIO KM. 4.5');
INSERT INTO CLIENTE VALUES(10421298683,'RUC','ALBARADO AVELINO CONCEPCION','NO DETERMINADO','PUCALLPA','CALLERIA','AV. CENTENARIO KM. 5.5');
INSERT INTO CLIENTE VALUES(20352473601,'RUC','TOYOMOTORS SRL','AUTOBOUTIQUES MAYORISTAS','PUCALLPA','CALLERIA','JR. SERAFIN FILOMENO NRO. 201');
INSERT INTO CLIENTE VALUES(10232326927,'RUC','CHOCCA RAMOS RODOLFO','NO DETERMINADO','PUCALLPA','CALLERIA','AV. CENTENARIO NRO. 241');
INSERT INTO CLIENTE VALUES(20605222898,'RUC','FER MOTORS EMPRESA INDIVIDUAL DE RESPONSABILIDAD LIMITADA','NO DETERMINADO','','YARINACOCHA','AV. YARINACOCHA NRO. 587');
INSERT INTO CLIENTE VALUES(20565726359,'RUC','MAKOTO IMPORT E.I.R.L.','NO DETERMINADO','LA VICTORIA','LA VICTORIA','AV. AVIACION NRO. 855');


INSERT INTO PEDIDO VALUES(0000010330,10412582654,100001,'CONTADO','F00100004465',406.78,0,'30/10/20');
INSERT INTO PEDIDO VALUES(0000010371,10486999409,100001,'CONTADO','F00100004479',271.19,0,'07/11/20');
INSERT INTO PEDIDO VALUES(0000011097,20603606605,100001,'CONTADO','F00100005073',69.49,0,'24/02/21');
INSERT INTO PEDIDO VALUES(0000010257,20602526314,100001,'CONTADO','F00100004404',402.71,0,'15/10/20');
INSERT INTO PEDIDO VALUES(0000011018,10763125195,100001,'CONTADO','F00100005000',338.98,0,'19/02/21');
INSERT INTO PEDIDO VALUES(0000011017,10179804366,100001,'CONTADO','F00100004999',88.98,0,'19/02/21');
INSERT INTO PEDIDO VALUES(0000012256,10446149828,100001,'CONTADO','F00100006057',199.86,0,'13/07/21');
INSERT INTO PEDIDO VALUES(0000010735,48419288,100001,'CONTADO','B00100000600',216.53,0,'04/01/21');
INSERT INTO PEDIDO VALUES(0000012568,48419288,100001,'CONTADO','B00100000835',245.76,0,'18/08/21');
INSERT INTO PEDIDO VALUES(0000012638,48419288,100001,'CONTADO','B00100000841',902.29,0,'25/08/21');
INSERT INTO PEDIDO VALUES(0000012317,48419288,100001,'CONTADO','B00100000798',286.31,0,'17/07/21');
INSERT INTO PEDIDO VALUES(0000012060,10474501251,100001,'CONTADO','F00100005885',446.36,0,'16/06/21');
INSERT INTO PEDIDO VALUES(0000010264,10484192885,100001,'CONTADO','F00100004409',64.41,0,'16/10/20');
INSERT INTO PEDIDO VALUES(0000012333,47450125,100001,'CONTADO','B00100000800',381.36,0,'19/07/21');
INSERT INTO PEDIDO VALUES(0000011063,10484192885,100001,'CONTADO','F00100005049',1266.1,0,'20/02/21');
INSERT INTO PEDIDO VALUES(0000012552,10474501251,100001,'CONTADO','F00100006301',157.88,0,'17/08/21');
INSERT INTO PEDIDO VALUES(0000011583,10484192885,100001,'CONTADO','F00100005476',112.39,0,'21/04/21');
INSERT INTO PEDIDO VALUES(0000011543,10474501251,100001,'CONTADO','F00100005446',138.18,0,'16/04/21');
INSERT INTO PEDIDO VALUES(0000010960,10485178401,100001,'CONTADO','F00100004961',561.36,0,'15/02/21');
INSERT INTO PEDIDO VALUES(0000010405,20602514839,100001,'CONTADO','F00100004510',50.85,0,'16/11/20');
INSERT INTO PEDIDO VALUES(0000011313,10462162826,100001,'CONTADO','F00100005246',171.61,0,'17/03/21');
INSERT INTO PEDIDO VALUES(0000010877,10200365157,100001,'CONTADO','F00100004881',555.08,0,'09/02/21');
INSERT INTO PEDIDO VALUES(0000011516,10200365157,100001,'CONTADO','F00100005422',798.95,0,'14/04/21');
INSERT INTO PEDIDO VALUES(0000012238,10200365157,100001,'CONTADO','F00100006043',159.32,0,'09/07/21');
INSERT INTO PEDIDO VALUES(0000011351,10180788358,100001,'CONTADO','F00100005281',417.8,0,'23/03/21');
INSERT INTO PEDIDO VALUES(0000011773,10436259013,100001,'CONTADO','F00100005642',2436.52,0,'14/05/21');
INSERT INTO PEDIDO VALUES(0000012034,20602357202,100001,'CONTADO','F00100005861',4055.86,0,'11/06/21');
INSERT INTO PEDIDO VALUES(0000011980,10436259013,100001,'CONTADO','F00100005815',751.42,0,'04/06/21');
INSERT INTO PEDIDO VALUES(0000010771,10436259013,100001,'CONTADO','F00100004811',698.49,0,'11/01/21');
INSERT INTO PEDIDO VALUES(0000011574,10436259013,100001,'CONTADO','F00100005468',747.87,0,'20/04/21');
INSERT INTO PEDIDO VALUES(0000010978,10436259013,100001,'CONTADO','F00100004975',352.82,0,'17/02/21');
INSERT INTO PEDIDO VALUES(0000010806,20602357202,100001,'CONTADO','F00100004839',355.39,0,'21/01/21');
INSERT INTO PEDIDO VALUES(0000010266,10436259013,100001,'CONTADO','F00100004411',243.4,0,'16/10/20');
INSERT INTO PEDIDO VALUES(0000010798,10476829319,100001,'CONTADO','F00100004833',214.56,0,'19/01/21');
INSERT INTO PEDIDO VALUES(0000010290,20602357202,100001,'CONTADO','F00100004430',438.09,0,'21/10/20');
INSERT INTO PEDIDO VALUES(0000011752,10436259013,100001,'CONTADO','F00100005612',672.01,0,'11/05/21');
INSERT INTO PEDIDO VALUES(0000011008,10404693579,100001,'CONTADO','F00100004991',427.45,0,'18/02/21');
INSERT INTO PEDIDO VALUES(0000012296,20568857144,100001,'CONTADO','F00100006088',309.31,0,'15/07/21');
INSERT INTO PEDIDO VALUES(0000012303,20602357202,100001,'CONTADO','F00100006097',772.08,0,'16/07/21');
INSERT INTO PEDIDO VALUES(0000012268,10422587565,100001,'CONTADO','F00100006064',463.12,0,'13/07/21');
INSERT INTO PEDIDO VALUES(0000010972,10206767885,100001,'CONTADO','F00100004966',259.32,0,'16/02/21');
INSERT INTO PEDIDO VALUES(0000012250,10404693579,100001,'CONTADO','F00100006049',483.65,0,'10/07/21');
INSERT INTO PEDIDO VALUES(0000012334,20602357202,100001,'CONTADO','F00100006124',864.65,0,'20/07/21');
INSERT INTO PEDIDO VALUES(0000011071,10422587565,100001,'CONTADO','F00100005055',179.66,0,'22/02/21');
INSERT INTO PEDIDO VALUES(0000012357,10230034830,100001,'CONTADO','F00100006143',96.17,0,'21/07/21');
INSERT INTO PEDIDO VALUES(0000011344,10404693579,100001,'CONTADO','F00100005275',601.94,0,'20/03/21');
INSERT INTO PEDIDO VALUES(0000011345,10206767885,100001,'CONTADO','F00100005277',300.99,0,'20/03/21');
INSERT INTO PEDIDO VALUES(0000012799,10404693579,100001,'CONTADO - DEPOSITO EN CUENTA','F00100006496',783.5,0,'16/09/21');
INSERT INTO PEDIDO VALUES(0000012734,10206767885,100001,'TRANSFERENCIA BANCARIA','F00100006443',277.78,0,'06/09/21');
INSERT INTO PEDIDO VALUES(0000012646,10422587565,100001,'CONTADO','F00100006372',902.29,0,'25/08/21');
INSERT INTO PEDIDO VALUES(0000012643,20602357202,100001,'CONTADO','F00100006370',1804.58,0,'25/08/21');
INSERT INTO PEDIDO VALUES(0000012813,10436259013,100001,'CONTADO - DEPOSITO EN CUENTA','F00100006507',1328.01,0,'18/09/21');
INSERT INTO PEDIDO VALUES(0000012631,10436259013,100001,'CONTADO','F00100006357',902.29,0,'25/08/21');
INSERT INTO PEDIDO VALUES(0000011450,10436259013,100001,'CONTADO','F00100005361',798.73,0,'08/04/21');
INSERT INTO PEDIDO VALUES(0000011947,10436259013,100001,'CONTADO','F00100005784',888.63,0,'01/06/21');
INSERT INTO PEDIDO VALUES(0000012422,20602357202,100001,'CONTADO','F00100006205',857.94,0,'30/07/21');
INSERT INTO PEDIDO VALUES(0000010947,10436259013,100001,'CONTADO','F00100004944',988.76,0,'13/02/21');
INSERT INTO PEDIDO VALUES(0000012888,10476829319,100001,'CONTADO - DEPOSITO EN CUENTA','F00100006570',650.54,0,'29/09/21');
INSERT INTO PEDIDO VALUES(0000012797,10230034830,100001,'CONTADO -CONTRAENTREGA','F00100006495',207.67,0,'15/09/21');
INSERT INTO PEDIDO VALUES(0000012543,20600360869,100001,'CONTADO','F00100006293',42.89,0,'16/08/21');
INSERT INTO PEDIDO VALUES(0000011472,10199140979,100001,'CONTADO','F00100005381',130.54,0,'09/04/21');
INSERT INTO PEDIDO VALUES(0000012251,10199140979,100001,'CONTADO','F00100006051',90.35,0,'10/07/21');
INSERT INTO PEDIDO VALUES(0000010967,10230034830,100001,'CONTADO','F00100004962',253.36,0,'15/02/21');
INSERT INTO PEDIDO VALUES(0000010882,20602357202,100001,'CONTADO','F00100004888',1266.49,0,'10/02/21');
INSERT INTO PEDIDO VALUES(0000011300,10230034830,100001,'CONTADO','F00100005234',533.78,0,'15/03/21');
INSERT INTO PEDIDO VALUES(0000010793,10230034830,100001,'CONTADO','F00100004829',250,0,'18/01/21');
INSERT INTO PEDIDO VALUES(0000010789,10476534751,100001,'CONTADO','F00100004825',435.59,0,'15/01/21');
INSERT INTO PEDIDO VALUES(0000010749,10436259013,100001,'CONTADO','F00100004796',1328.94,0,'07/01/21');
INSERT INTO PEDIDO VALUES(0000010139,20602357202,100001,'CONTADO','F00100004320',1079.7,0,'01/10/20');
INSERT INTO PEDIDO VALUES(0000011312,20602357202,100001,'CONTADO','F00100005244',433.65,0,'17/03/21');
INSERT INTO PEDIDO VALUES(0000012463,20602357202,100001,'CONTADO','F00100006225',608.68,0,'04/08/21');
INSERT INTO PEDIDO VALUES(0000011305,10422587565,100001,'CONTADO','F00100005237',189.11,0,'16/03/21');
INSERT INTO PEDIDO VALUES(0000011989,10230034830,100001,'CONTADO','F00100005823',440.68,0,'07/06/21');
INSERT INTO PEDIDO VALUES(0000012546,10200426997,100001,'CONTADO','F00100006292',31.95,0,'16/08/21');
INSERT INTO PEDIDO VALUES(0000010327,10230034830,100001,'CONTADO','F00100004459',247.46,0,'28/10/20');
INSERT INTO PEDIDO VALUES(0000011767,10230034830,100001,'CONTADO','F00100005628',426.29,0,'13/05/21');
INSERT INTO PEDIDO VALUES(0000011990,10230034830,100001,'CREDITO 10 DIAS','F00100005824',1621.61,0,'07/06/21');
INSERT INTO PEDIDO VALUES(0000010874,10230034830,100001,'CONTADO','F00100004877',1606.13,0,'09/02/21');
INSERT INTO PEDIDO VALUES(0000010328,20602357202,100001,'CONTADO','F00100004460',45.95,0,'29/10/20');
INSERT INTO PEDIDO VALUES(0000012199,10230034830,100001,'CREDITO 7 DIAS','F00100006008',132.43,0,'05/07/21');
INSERT INTO PEDIDO VALUES(0000010298,10476829319,100001,'CONTADO','F00100004434',1216.94,0,'21/10/20');
INSERT INTO PEDIDO VALUES(0000012453,10436259013,100001,'CONTADO','F00100006218',51.62,0,'03/08/21');
INSERT INTO PEDIDO VALUES(0000012655,10230034830,100001,'CONTADO','F00100006378',130.27,0,'26/08/21');
INSERT INTO PEDIDO VALUES(0000010828,10230034830,100001,'CONTADO','F00100004855',211.86,0,'28/01/21');
INSERT INTO PEDIDO VALUES(0000012328,10422587565,100001,'CONTADO','F00100006113',620.09,0,'19/07/21');
INSERT INTO PEDIDO VALUES(0000011691,10422587565,100001,'CONTADO','F00100005591',728.59,0,'07/05/21');
INSERT INTO PEDIDO VALUES(0000010574,10436259013,100001,'CONTADO','F00100004651',290,0,'14/12/20');
INSERT INTO PEDIDO VALUES(0000011697,10404693579,100001,'CONTADO','F00100005609',840.95,0,'11/05/21');
INSERT INTO PEDIDO VALUES(0000011715,10101436310,100001,'CONTADO','F00100005581',246.82,0,'05/05/21');
INSERT INTO PEDIDO VALUES(0000011848,10446149828,100001,'CONTADO','F00100005696',41.72,0,'22/05/21');
INSERT INTO PEDIDO VALUES(0000012856,45448426,100001,'CREDITO 3 DIAS','B00100000873',31.42,0,'24/09/21');
INSERT INTO PEDIDO VALUES(0000010883,10442833007,100001,'CONTADO','F00100004885',995.25,0,'10/02/21');
INSERT INTO PEDIDO VALUES(0000010428,10442833007,100001,'CONTADO','F00100004540',771.19,0,'19/11/20');
INSERT INTO PEDIDO VALUES(0000010365,10442833007,100001,'CONTADO','F00100004477',666.1,0,'07/11/20');
INSERT INTO PEDIDO VALUES(0000012322,10447706895,100001,'CONTADO','F00100006111',91.13,0,'19/07/21');
INSERT INTO PEDIDO VALUES(0000011445,10447706895,100001,'CONTADO','F00100005360',1198.1,0,'08/04/21');
INSERT INTO PEDIDO VALUES(0000012147,10486964443,100001,'CONTADO','F00100005963',243.22,0,'26/06/21');
INSERT INTO PEDIDO VALUES(0000012263,10757499784,100001,'CONTADO','F00100006060',293.9,0,'13/07/21');
INSERT INTO PEDIDO VALUES(0000011395,10486964443,100001,'CONTADO','F00100005315',380.22,0,'29/03/21');

INSERT INTO PRODUCTO VALUES('TS768C','UNIVERSALES','ACCESORIOS DE SEGURIDAD','TACOS',33.8983,'TACO DE POLIURETANO COLOR NARANJA, MEDIDAS 215 X 185 X 160 MM PESO 1.1 KG');
INSERT INTO PRODUCTO VALUES('COT 03','UNIVERSALES','ENCENDIDO','CONECTOR',0.5932,'CONECTOR DE 3 CABLES , HEMBRA Y MACHO.');
INSERT INTO PRODUCTO VALUES('CH-LED6A','UNIVERSALES','EQUIPAMIENTO VEHICULAR','FAROS',12.5424,'FARO DE TRABAJO, 16 CM de largo y 7 CM de ancho , LUZ EXPANSIVO AMARILLA, 6 LEDS, 18W Y 1170 LÚMENES');
INSERT INTO PRODUCTO VALUES('BA-LED6','UNIVERSALES','EQUIPAMIENTO VEHICULAR','BARRAS LED',12.5424,'BARRA LED LUZ PUNTO BLANCA 6LEDS 145*40*45mm 1620lm 51w 12-36v');
INSERT INTO PRODUCTO VALUES('BA-59360','UNIVERSALES','EQUIPAMIENTO VEHICULAR','BARRAS LED',99.94,'BARRA LED LUZ PUNTO BLANCA 120LEDS 650*75*55mm 28800lm 360w 12-36v');
INSERT INTO PRODUCTO VALUES('BA324DF','UNIVERSALES','EQUIPAMIENTO VEHICULAR','FAROS',100.68,'BARRA RECTA DE ALUMINIO CON PERNO/DUAL CON FLASH/ 324W/ 10-30V (BLANCO AMBAR) MARCA PTAA/ 580*75*55m');
INSERT INTO PRODUCTO VALUES('BA360A','UNIVERSALES','EQUIPAMIENTO VEHICULAR','FAROS',93.93,'BARRA RECTA DE ALUMINIO CON PERNO/ 360W/ CON LUZ FIJA/ 10-30. (AMBAR) MARCA PTAA/ 660*75*55mm');
INSERT INTO PRODUCTO VALUES('BA252DF','UNIVERSALES','EQUIPAMIENTO VEHICULAR','FAROS',77.19,'BARRA RECTA DE ALUMINIO CON PERNO/DUAL CON FLASH/ 252W/ 10-30V (BLANCO AMBAR) MARCA PTAA/ 430*75*55m');
INSERT INTO PRODUCTO VALUES('BA360DF','UNIVERSALES','EQUIPAMIENTO VEHICULAR','FAROS',112.42,'BARRA RECTA DE ALUMINIO CON PERNO/DUAL CON FLASH/ 360W/ 10-30V (BLANCO AMBAR) MARCA PTAA/ 660*75*55m');
INSERT INTO PRODUCTO VALUES('BA 206','TOYOTA','EQUIPAMIENTO VEHICULAR','BARRAS LATERALES',216.5254,'BARRAS LATERALES PARA TOYOTA RAV4 (METAL INTERNO) 2013-2015');
INSERT INTO PRODUCTO VALUES('FENR 21N','TOYOTA','EQUIPAMIENTO VEHICULAR','FAROS',451.14,'FENDER OFF ROAD COLOR NEGRO HILUX VIGO 2012-2014, marca BISONT');
INSERT INTO PRODUCTO VALUES('FL F17R','UNIVERSALES','EQUIPAMIENTO VEHICULAR','FAROS',47.72,'FARO DE TRABAJO LUZ PUNTO BLANCA 17LEDS 179*179*52mm 4590lm 36w 12-36v');
INSERT INTO PRODUCTO VALUES('FL F17N','UNIVERSALES','EQUIPAMIENTO VEHICULAR','FAROS',47.72,'FARO DE TRABAJO LUZ PUNTO BLANCA 17LEDS 179*179*52mm 4590lm 51w 12-36v');
INSERT INTO PRODUCTO VALUES('FENR 10N','TOYOTA','EQUIPAMIENTO VEHICULAR','LUJOS CROMADOS',446.3559,'FENDER OFF ROAD COLOR NEGRO HILUX REVO 2015+ (4 PIEZAS), marca BISONT');
INSERT INTO PRODUCTO VALUES('D541','HYUNDAI','EQUIPAMIENTO VEHICULAR','LUJOS CROMADOS',32.2034,'Deflector color negro para capot  H1 2007+, 1 PIEZA');
INSERT INTO PRODUCTO VALUES('ESK 12','KIA','EQUIPAMIENTO VEHICULAR','ESTRIBOS DE ABS',381.35,'ESTRIBO MODELO ORIGINA KIA SPORTAGE 2010-ON C/LOGO, marca BISONT');
INSERT INTO PRODUCTO VALUES('EST 10','TOYOTA','EQUIPAMIENTO VEHICULAR','ESTRIBOS DE ALUMINIO',422.0339,'ESTRIBO OE DE ALUMINIO Y ABS HILUX REVO 2015+');
INSERT INTO PRODUCTO VALUES('KITX 05','MAZDA','EQUIPAMIENTO VEHICULAR','LUJOS CROMADOS',157.8814,'KIT DE CROMOS MAZDA CX-5 , 2017+');
INSERT INTO PRODUCTO VALUES('LEDC24A','UNIVERSALES','EQUIPAMIENTO VEHICULAR','FAROS',19.9,'FARO DE TRABAJO 24LEDS / 9-30V. (AMBAR) MARCA PTAA');
INSERT INTO PRODUCTO VALUES('LEDC24','UNIVERSALES','EQUIPAMIENTO VEHICULAR','BARRAS LED',18.24,'BARRA LED12" 24LEDS,BIAN,72W,LEN:PC.REC,PUN,EXP / 95*75*55mm - 378lm');
INSERT INTO PRODUCTO VALUES('KIT 02','TOYOTA','EQUIPAMIENTO VEHICULAR','LUJOS CROMADOS',56.2,'COBERTOR CROMADO CON LUZ, PARA ESPEJOS,  HILUX VIGO 2005-2014 / MARCA TXR');
INSERT INTO PRODUCTO VALUES('KIT 03','TOYOTA','EQUIPAMIENTO VEHICULAR','LUJOS CROMADOS',45.11,'COBERTOR CROMADO DE MANIJAS , HILUX VIGO 2005-2014, PRADO, FORTUNER 2016+, RAV4 ANTIGUO / MARCA TXR');
INSERT INTO PRODUCTO VALUES('G-125','HYUNDAI','EQUIPAMIENTO VEHICULAR','LUJOS CROMADOS',149.4068,'SPOILER POSTERIOR COLOR CARBON HYUNDAI ACCENT 2011+');
INSERT INTO PRODUCTO VALUES('KIT 120','TOYOTA','EQUIPAMIENTO VEHICULAR','LUJOS CROMADOS',129.8305,'KIT DE CROMOS AVANZA C/LUZ 2016 - 2018');
INSERT INTO PRODUCTO VALUES('KITV 101L','TOYOTA','EQUIPAMIENTO VEHICULAR','LUJOS CROMADOS',256.4407,'KIT DE CROMOS HILUX C/LUZ VIGO 2005-2010 / MARCA TXR');
INSERT INTO PRODUCTO VALUES('KIT CR-450','KIA','EQUIPAMIENTO VEHICULAR','LUJOS CROMADOS',67.7966,'KIT Cromado Completo para SPORTAGE 2012+, 35 PIEZAS');
INSERT INTO PRODUCTO VALUES('KITM 80','MITSUBISHI','EQUIPAMIENTO VEHICULAR','LUJOS CROMADOS',250.8475,'KIT DE CROMOS L200/TRITON 2006-2014');
INSERT INTO PRODUCTO VALUES('BA-5990B','UNIVERSALES','EQUIPAMIENTO VEHICULAR','BARRAS LED',71.1864,'BARRA LED , 12" (30.48 CM), LUZ PUNTO Y EXPANSIVO BLANCA, 60 LEDS , 90W Y 6300 LÚMENES.');
INSERT INTO PRODUCTO VALUES('BA-59288','UNIVERSALES','EQUIPAMIENTO VEHICULAR','BARRAS LED',73.0508,'BARRA LED LUZ PUNTO BLANCA 96LEDS 520*75*55mm 23040lm 288w 12-36v');
INSERT INTO PRODUCTO VALUES('BA-5990A','UNIVERSALES','EQUIPAMIENTO VEHICULAR','BARRAS LED',71.1864,'BARRA LED , 12" (30.48 CM), LUZ PUNTO Y EXPANSIVO AMARILLA, 60 LEDS , 90W Y 6300 LÚMENES.');
INSERT INTO PRODUCTO VALUES('BA-5972A','UNIVERSALES','EQUIPAMIENTO VEHICULAR','BARRAS LED',46.6102,'BARRA LED , 9.5" (24.13 CM), LUZ EXPANSIVO AMARILLA, 48 LEDS , 72W Y 5040 LÚMENES.');
INSERT INTO PRODUCTO VALUES('KITR 116','TOYOTA','EQUIPAMIENTO VEHICULAR','LUJOS CROMADOS',324.4068,'KIT DE CROMOS P/TOYOTA HILUX REVO 2015+, 24 PIEZAS / MARCA TXR');
INSERT INTO PRODUCTO VALUES('KIT 16','TOYOTA','EQUIPAMIENTO VEHICULAR','LUJOS CROMADOS',60.8475,'ADORNO CROMADO PARA TOMA DE AIRE HILUX VIGO 2012-2014 / MARCA TXR');
INSERT INTO PRODUCTO VALUES('KITV 201L','TOYOTA','EQUIPAMIENTO VEHICULAR','LUJOS CROMADOS',277.5424,'KIT DE CROMOS HILUX C/LUZ 2012 / MARCA TXR');
INSERT INTO PRODUCTO VALUES('LEDC48','UNIVERSALES','EQUIPAMIENTO VEHICULAR','FAROS',28.3898,'FARO DE TRABAJO 48LEDS / 9-30V. (BLANCO) MARCA PTAA/ 160*75*55mm');
INSERT INTO PRODUCTO VALUES('LED-1240','UNIVERSALES','EQUIPAMIENTO VEHICULAR','BARRAS LED',69.661,'BARRA LED LUZ PUNTO DUAL 80LEDS 365*75*55mm 21600lm 240w 12-36v');
INSERT INTO PRODUCTO VALUES('LED12-4D','UNIVERSALES','EQUIPAMIENTO VEHICULAR','FAROS',15.0847,'FARO DE TRABAJO 16LEDS- 45MM EN 4D / 9-30V. (BLANCO) MARCA PTAA/ 95*75*55mm');
INSERT INTO PRODUCTO VALUES('BA180DF','UNIVERSALES','EQUIPAMIENTO VEHICULAR','FAROS',57.7966,'BARRA RECTA DE ALUMINIO CON PERNO/DUAL CON FLASH/ 180W/ 10-30V (BLANCO AMBAR) MARCA PTAA/ 305*75*55m');
INSERT INTO PRODUCTO VALUES('BA216DF','UNIVERSALES','EQUIPAMIENTO VEHICULAR','FAROS',66.2712,'BARRA RECTA DE ALUMINIO CON PERNO/DUAL CON FLASH/ 216W/ 10-30V (BLANCO AMBAR) MARCA PTAA/ 375*75*55m');
INSERT INTO PRODUCTO VALUES('LEDX CD16','UNIVERSALES','EQUIPAMIENTO VEHICULAR','BARRAS LED',22.3729,'FARO DE TRABAJO LUZ PUNTO BLANCA 16LEDS 110*110*45mm 4320lm 48w 12-36v');
INSERT INTO PRODUCTO VALUES('PE 1350N','UNIVERSALES','EQUIPAMIENTO VEHICULAR','PORTAEQUIPAJES',590.38,'PORTAEQUIPAJE  DE 380 LT NEGRO, marca TWE');
INSERT INTO PRODUCTO VALUES('SNK 09','TOYOTA','EQUIPAMIENTO VEHICULAR','SNORKEL',277.1186,'SNORKEL HILUX REVO 2015+');
INSERT INTO PRODUCTO VALUES('LED36D','UNIVERSALES','EQUIPAMIENTO VEHICULAR','FAROS',13.3898,'FARO ALUMINIO DE TRABAJO /DUAL CON FLASH Y FIJA/ 10-30V. (AMBAR-BLANCO) MARCA PTAA/ 145*40*45mm');
INSERT INTO PRODUCTO VALUES('ESK 10','KIA','EQUIPAMIENTO VEHICULAR','ESTRIBOS DE ABS',417.7966,'ESTRIBO ABS C/ALUMINIO MODELO BMW KIA SPORTAGE 2010-2015');
INSERT INTO PRODUCTO VALUES('ESK 18','KIA','EQUIPAMIENTO VEHICULAR','ESTRIBOS DE ABS',375.7,'ESTRIBO OEM KIA SORENTO C/ LOGO 2010-2014');
INSERT INTO PRODUCTO VALUES('EHS 21','HYUNDAI','EQUIPAMIENTO VEHICULAR','ESTRIBOS DE ABS',243.39,'ESTRIBO ABS GRAND SANTA FE MOD.ORIG.OE 2015 LOGO');
INSERT INTO PRODUCTO VALUES('ECO 100','FORD','EQUIPAMIENTO VEHICULAR','DEFENSA DELANTERA Y POSTERIOR EN ABS',214.57,'DEFENSA DELANTERA-C/LOGO Y POSTERIOR PARA FORD ECOSPORT 2013+');
INSERT INTO PRODUCTO VALUES('EHS 20','HYUNDAI','EQUIPAMIENTO VEHICULAR','ESTRIBOS DE ALUMINIO',367.63,'ESTRIBO PARA HYUNDAI IX45 (HYUNDAI SANTAFE) C/LOGO 2013-2018');
INSERT INTO PRODUCTO VALUES('ESH 19B','HYUNDAI','EQUIPAMIENTO VEHICULAR','ESTRIBOS DE ALUMINIO',438.1,'ESTRIBO "B" ABS C/ALUMINIO SANTA FE 2019 +');
INSERT INTO PRODUCTO VALUES('ESC 12','CHEVROLET','EQUIPAMIENTO VEHICULAR','ESTRIBOS DE ABS',152.12,'ESTRIBO PARA CHEVROLET CAPTIVA 2015+');
INSERT INTO PRODUCTO VALUES('FLX51','UNIVERSALES','EQUIPAMIENTO VEHICULAR','FAROS',71.24,'FARO METALICO 7'' C/ LUZ FIJA / FOMAR DE "X" QUE CAMBIA DE COLOR/ 10-30V. MARCA PTAA/ 180*180*70mm');
INSERT INTO PRODUCTO VALUES('FLX40','UNIVERSALES','EQUIPAMIENTO VEHICULAR','FAROS',100.68,'FARO METALICO 6'' C/ LUZ FIJA / FOMAR DE "X" QUE CAMBIA DE COLOR/ 10-30V. MARCA PTAA/ 145*185*110mm');
INSERT INTO PRODUCTO VALUES('FLX24','UNIVERSALES','EQUIPAMIENTO VEHICULAR','FAROS',43.2203,'FARO CUADRADO DE 7'' H4 / 9-30V.  (BLANCO) MARCA PTAA');
INSERT INTO PRODUCTO VALUES('FLF21R','UNIVERSALES','EQUIPAMIENTO VEHICULAR','FAROS',54.62,'FARO ALUMINIO DE TRABAJO 21LEDS / CARCASA ROJO 52MM/ 10-30V. MARCA PTAA/ 179*179*52mm');
INSERT INTO PRODUCTO VALUES('FLX C9','UNIVERSALES','EQUIPAMIENTO VEHICULAR','BARRAS LED',16.02,'FARO DE TRABAJO LUZ PUNTO BLANCA 9LEDS 110*110*45mm 2430lm 27w 12-36v');
INSERT INTO PRODUCTO VALUES('FENR 28N','VOLKSWAGEN','EQUIPAMIENTO VEHICULAR','FENDER',399.36,'FENDER OFF ROAD PARA AMAROK 2010-2017, marca BISONT');
INSERT INTO PRODUCTO VALUES('FENR 20N','MAZDA','EQUIPAMIENTO VEHICULAR','FAROS',444.32,'FENDER OFF ROAD COLOR NEGRO MAZDA BT-50 2012+, marca BISONT');
INSERT INTO PRODUCTO VALUES('FENR 19N','FORD','EQUIPAMIENTO VEHICULAR','FAROS',447.67,'FENDER OFF ROAD COLOR NEGRO FORD RANGER 2016+, marca BISONT');
INSERT INTO PRODUCTO VALUES('FENR 14N','NISSAN','EQUIPAMIENTO VEHICULAR','LUJOS CROMADOS',428.98,'FENDER OFF ROAD COLOR NEGRO NISSAN FRONTIER NP300 2015+, marca BISONT');
INSERT INTO PRODUCTO VALUES('FENR 13N','MITSUBISHI','EQUIPAMIENTO VEHICULAR','LUJOS CROMADOS',494.37,'FENDER OFF ROAD COLOR NEGRO MITSUBISHI L200 2015+');
INSERT INTO PRODUCTO VALUES('EST H200','KIA','EQUIPAMIENTO VEHICULAR','ESTRIBOS DE ABS',325.26,'ESTRIBO ALUMINIO SPORTAGE , TIPO C , 2016+ C/LOGO SPORTAGE');
INSERT INTO PRODUCTO VALUES('LED16-6D','UNIVERSALES','EQUIPAMIENTO VEHICULAR','FAROS',18.83,'FARO DE TRABAJO 16LEDS- 45MM EN 6D / 9-30V. (BLANCO) MARCA PTAA/ 110*110*45mm');
INSERT INTO PRODUCTO VALUES('LED-160','UNIVERSALES','EQUIPAMIENTO VEHICULAR','BARRAS LED',18.49,'BARRA LED LUZ PUNTO DUAL 20LEDS 95*75*55mm 5400lm 60w 12-36v');
INSERT INTO PRODUCTO VALUES('LED-14B','UNIVERSALES','EQUIPAMIENTO VEHICULAR','FAROS',27.86,'FARO DE TRABAJO LUZ DE COLOR BLANCO CUADRADO');
INSERT INTO PRODUCTO VALUES('LED12A','UNIVERSALES','EQUIPAMIENTO VEHICULAR','FAROS',15.63,'FAROS ALUMINIO DE TRABAJO 12LEDS/ 9-30V. (AMBAR) MARCA PTAA/ 95*75*55mm');
INSERT INTO PRODUCTO VALUES('LED-1180','UNIVERSALES','EQUIPAMIENTO VEHICULAR','BARRAS LED',60.94,'BARRA LED LUZ PUNTO DUAL 60LEDS 265*75*55mm 16200lm 180w 12-36v');
INSERT INTO PRODUCTO VALUES('LED54D','UNIVERSALES','EQUIPAMIENTO VEHICULAR','FAROS',15.06,'FARO ALUMINIO DE TRABAJO 18LEDS/ LUZ FIJA DUAL/ 10-30V. (AMBAR-BLANCO) MARCA PTAA/ 145*40*45mm');
INSERT INTO PRODUCTO VALUES('LED-5049B','UNIVERSALES','EQUIPAMIENTO VEHICULAR','BARRAS LED',28.57,'FARO LED LUZ PUNTO BLANCA DUAL, 4 FUNCIONES C/FLASH 45 LEDS 11*11*5 cm 4050 lumens 45w 12-36v');
INSERT INTO PRODUCTO VALUES('LED540','UNIVERSALES','EQUIPAMIENTO VEHICULAR','FAROS',21.37,'FARO DE TRABAJO C/ OJO DE ANGEL 9-30V. MARCA PTAA');
INSERT INTO PRODUCTO VALUES('LEDC6','UNIVERSALES','EQUIPAMIENTO VEHICULAR','FAROS',14.322,'BARRA LED LUZ PUNTO BLANCA 6LEDS 95*75*55mm 1620lm 18w 12-36v');
INSERT INTO PRODUCTO VALUES('LEDC48A','UNIVERSALES','EQUIPAMIENTO VEHICULAR','FAROS',31.88,'FARO DE TRABAJO 48LEDS / 9-30V. (AMBAR) MARCA PTAA');
INSERT INTO PRODUCTO VALUES('KITF 10','TOYOTA','EQUIPAMIENTO VEHICULAR','LUJOS CROMADOS',51.72,'ADORNOS CROMADOS PARA NEBLINEROS OEM, FORTUNER 2016+');
INSERT INTO PRODUCTO VALUES('KITF 07','TOYOTA','EQUIPAMIENTO VEHICULAR','LUJOS CROMADOS',55.71,'ADORNO PARA MALETERO FORTUNER 2016+');
INSERT INTO PRODUCTO VALUES('ANT 51LIGHTP','TOYOTA','EQUIPAMIENTO VEHICULAR','ANTIVUELCOS DE ACERO',359.9,'ANTIVUELCO DE ACERO 3" HILUX VIGO 2005-2014 C/LUZ LOGO HILUX L/CALADO RECTO HILUX BASE PLANA C/PROTE');
INSERT INTO PRODUCTO VALUES('ANT 35A','TOYOTA','EQUIPAMIENTO VEHICULAR','ANTIVUELCOS DE ACERO',359.9,'ANTIVUELCO DE ACERO 3" HILUX VIGO 2005-2014 L/CALADO RECTO HILUX BASE ALTA C/PROTECTOR DE LUNA');
INSERT INTO PRODUCTO VALUES('BA 50','TOYOTA','EQUIPAMIENTO VEHICULAR','BARRAS LATERALES',216.82,'BARRAS LATERALES PARA TOYOTA HILUX REVO OEM 2015+');
INSERT INTO PRODUCTO VALUES('BA NP300','NISSAN','EQUIPAMIENTO VEHICULAR','BARRAS LATERALES',298.53,'BARRAS LATERALES PARA NISSAN NAVARA NP300 OEM ALUMINIO PESADO 2015+');
INSERT INTO PRODUCTO VALUES('BA 207P','TOYOTA','EQUIPAMIENTO VEHICULAR','BARRAS TRANSVERSALES',189.94,'BARRAS TRANSVERSALES PARA RAV4 2013-2018, COLOR SILVER');
INSERT INTO PRODUCTO VALUES('BA 207','TOYOTA','EQUIPAMIENTO VEHICULAR','BARRAS TRANSVERSALES',189.1,'BARRAS TRANSVERSALES PARA RAV4 2013-2018');
INSERT INTO PRODUCTO VALUES('BA-59432','UNIVERSALES','EQUIPAMIENTO VEHICULAR','BARRAS LED',111.54,'BARRA LED LUZ PUNTO BLANCA 144LEDS 800*75*55mm 34560lm 432w 12-36v');
INSERT INTO PRODUCTO VALUES('BA-5972B','UNIVERSALES','EQUIPAMIENTO VEHICULAR','BARRAS LED',39.322,'BARRA LED , 9.5" (24.13 CM), LUZ EXPANSIVO BLANCA, 48 LEDS , 72W Y 5040 LÚMENES.');
INSERT INTO PRODUCTO VALUES('BA-5918-L','UNIVERSALES','EQUIPAMIENTO VEHICULAR','BARRAS LED',30.81,'BARRA LED LUZ PUNTO DUAL 24LEDS 165*75*55mm 6480lm 72w 12-36v');
INSERT INTO PRODUCTO VALUES('BA72DF','UNIVERSALES','EQUIPAMIENTO VEHICULAR','FAROS',21.5,'FARO ALUMINIO DE TRABAJO / DUAL CON FLASH/ 72W (BLANCO-AMBAR) MARCA PTAA/ 135*75*55mm');
INSERT INTO PRODUCTO VALUES('KITV 201LN','TOYOTA','EQUIPAMIENTO VEHICULAR','LUJOS CROMADOS',253.88,'KIT DE ADORNOS NEGRO HILUX VIGO 2012-2014 / MARCA TXR');
INSERT INTO PRODUCTO VALUES('KITY 55','TOYOTA','EQUIPAMIENTO VEHICULAR','LUJOS CROMADOS',220.34,'KIT DE CROMOS YARIS SEDAN 2014 - 2017 / MARCA TXR');
INSERT INTO PRODUCTO VALUES('LED09A','UNIVERSALES','EQUIPAMIENTO VEHICULAR','FAROS',15.98,'FARO DE TRABAJO 6LEDS / 45MM/ 8-30V. (BLANCO) MARCA PTAA');
INSERT INTO PRODUCTO VALUES('LED-1120','UNIVERSALES','EQUIPAMIENTO VEHICULAR','BARRAS LED',35.03,'BARRA LED LUZ PUNTO DUAL 40LEDS 165*75*55mm 10800lm 120w 12-36v');
INSERT INTO PRODUCTO VALUES('LCI-53LIGTH','MITSUBISHI','EQUIPAMIENTO VEHICULAR','ANTIVUELCOS DE ACERO',375.15,'ANTIVUELCO DE ACERO 3" L200/TRITON 2015+ C/LUZ LOGO L200 L/CALADO Z HILUX BASE PLANA C/PROTECTOR DE');
INSERT INTO PRODUCTO VALUES('LED04B','UNIVERSALES','EQUIPAMIENTO VEHICULAR','FAROS',22.01,'FARO METALICO DE TRABAJO 4LEDS/10-30V. (BLANCO) MARCA PTAA');
INSERT INTO PRODUCTO VALUES('FP-4LEDR','UNIVERSALES','EQUIPAMIENTO VEHICULAR','FAROS',12.21,'FARO POSTERIO DE 4 LED (12/24V) COLOR EOJO');
INSERT INTO PRODUCTO VALUES('JE-BONNET 21N','NISSAN','EQUIPAMIENTO VEHICULAR','LUJOS CROMADOS',45.64,'BONNET COLOR NEGRO C/LOGO NISSAN NAVARA D40 2006-2013');
INSERT INTO PRODUCTO VALUES('HSC 25','HYUNDAI','EQUIPAMIENTO VEHICULAR','DEFENSA DELANTERA Y POSTERIOR EN ABS',243.39,'DEFENSA DELANTERA Y POSTERIOR IX25 (HYUNDAI CRETA) 2014+');
INSERT INTO PRODUCTO VALUES('JE-BONNET 13N','NISSAN','EQUIPAMIENTO VEHICULAR','LUJOS CROMADOS',45.64,'BONNET COLOR NEGRO C/LOGO NISSAN NAVARA NP300 2014+');
INSERT INTO PRODUCTO VALUES('KI 07','KIA','EQUIPAMIENTO VEHICULAR','DEFENSA DELANTERA Y POSTERIOR EN ABS',273.81,'DEFENSA DELANTERA Y POSTERIOR-C/LOGO ABS PARA KIA SPORTAGE 2016+');
INSERT INTO PRODUCTO VALUES('KIT 177','FORD','EQUIPAMIENTO VEHICULAR','LUJOS CROMADOS',287.83,'KIT DE CROMOS FORD RANGER 2015 - 2019 / MARCA TXR');
INSERT INTO PRODUCTO VALUES('KIT 160','TOYOTA','EQUIPAMIENTO VEHICULAR','LUJOS CROMADOS',211.8644,'KIT DE CROMOS YARIS 2018+');
INSERT INTO PRODUCTO VALUES('KITS 85','KIA','EQUIPAMIENTO VEHICULAR','LUJOS CROMADOS',121.05,'KIT DE CROMOS P/KIA SORENTO 2015, 13 PIEZAS');
INSERT INTO PRODUCTO VALUES('KITH 300','HYUNDAI','EQUIPAMIENTO VEHICULAR','LUJOS CROMADOS',236.96,'KIT DE CROMOS P/ HYUNDAI HI 2012+ / MARCA TXR');
INSERT INTO PRODUCTO VALUES('BONNET 19N','MAZDA','EQUIPAMIENTO VEHICULAR','LUJOS CROMADOS',45.95,'BONNET COLOR NEGRO C/LOGO BT-50 2012');


INSERT INTO PEDIDO_PRODUCTO VALUES(0000010330,10412582654,'TS768C',12);
INSERT INTO PEDIDO_PRODUCTO VALUES(0000010371,10486999409,'TS768C',8);
INSERT INTO PEDIDO_PRODUCTO VALUES(0000011097,20603606605,'TS768C',2);
INSERT INTO PEDIDO_PRODUCTO VALUES(0000010257,20602526314,'TS768C',12);
INSERT INTO PEDIDO_PRODUCTO VALUES(0000011018,10763125195,'TS768C',10);
INSERT INTO PEDIDO_PRODUCTO VALUES(0000011017,10179804366,'COT 03',150);
INSERT INTO PEDIDO_PRODUCTO VALUES(0000011017,10179804366,'CH-LED6A',2);
INSERT INTO PEDIDO_PRODUCTO VALUES(0000011017,10179804366,'BA-LED6',2);
INSERT INTO PEDIDO_PRODUCTO VALUES(0000012256,10446149828,'BA-59360',2);
INSERT INTO PEDIDO_PRODUCTO VALUES(0000012256,10446149828,'BA324DF',3);
INSERT INTO PEDIDO_PRODUCTO VALUES(0000012256,10446149828,'BA360A',2);
INSERT INTO PEDIDO_PRODUCTO VALUES(0000012256,10446149828,'BA252DF',3);
INSERT INTO PEDIDO_PRODUCTO VALUES(0000012256,10446149828,'BA360DF',2);
INSERT INTO PEDIDO_PRODUCTO VALUES(0000010735,48419288,'BA 206',1);
INSERT INTO PEDIDO_PRODUCTO VALUES(0000012568,48419288,'BA 206',1);
INSERT INTO PEDIDO_PRODUCTO VALUES(0000012638,48419288,'FENR 21N',2);
INSERT INTO PEDIDO_PRODUCTO VALUES(0000012317,48419288,'FL F17R',6);
INSERT INTO PEDIDO_PRODUCTO VALUES(0000012317,48419288,'FL F17N',4);
INSERT INTO PEDIDO_PRODUCTO VALUES(0000012060,10474501251,'FENR 10N',1);
INSERT INTO PEDIDO_PRODUCTO VALUES(0000010264,10484192885,'D541',2);
INSERT INTO PEDIDO_PRODUCTO VALUES(0000012333,47450125,'ESK 12',1);
INSERT INTO PEDIDO_PRODUCTO VALUES(0000011063,10484192885,'EST 10',3);
INSERT INTO PEDIDO_PRODUCTO VALUES(0000012552,10474501251,'KITX 05',1);
INSERT INTO PEDIDO_PRODUCTO VALUES(0000012317,48419288,'LEDC24A',2);
INSERT INTO PEDIDO_PRODUCTO VALUES(0000012317,48419288,'LEDC24',4);
INSERT INTO PEDIDO_PRODUCTO VALUES(0000011583,10484192885,'KIT 02',2);
INSERT INTO PEDIDO_PRODUCTO VALUES(0000012638,48419288,'KIT 03',5);
INSERT INTO PEDIDO_PRODUCTO VALUES(0000012638,48419288,'KIT 02',2);
INSERT INTO PEDIDO_PRODUCTO VALUES(0000012317,48419288,'KIT 02',2);
INSERT INTO PEDIDO_PRODUCTO VALUES(0000012060,10474501251,'G-125',1);
INSERT INTO PEDIDO_PRODUCTO VALUES(0000012552,10474501251,'KIT 120',1);
INSERT INTO PEDIDO_PRODUCTO VALUES(0000011543,10474501251,'KIT 120',1);
INSERT INTO PEDIDO_PRODUCTO VALUES(0000011063,10484192885,'KITV 101L',4);
INSERT INTO PEDIDO_PRODUCTO VALUES(0000010264,10484192885,'KIT CR-450',2);
INSERT INTO PEDIDO_PRODUCTO VALUES(0000011063,10484192885,'KITM 80',1);
INSERT INTO PEDIDO_PRODUCTO VALUES(0000010960,10485178401,'BA324DF',6);
INSERT INTO PEDIDO_PRODUCTO VALUES(0000010405,20602514839,'CH-LED6A',4);
INSERT INTO PEDIDO_PRODUCTO VALUES(0000010405,20602514839,'BA-5990B',2);
INSERT INTO PEDIDO_PRODUCTO VALUES(0000010960,10485178401,'BA-59360',6);
INSERT INTO PEDIDO_PRODUCTO VALUES(0000010960,10485178401,'BA-59288',5);
INSERT INTO PEDIDO_PRODUCTO VALUES(0000010405,20602514839,'BA-5990A',2);
INSERT INTO PEDIDO_PRODUCTO VALUES(0000010405,20602514839,'BA-5972A',2);
INSERT INTO PEDIDO_PRODUCTO VALUES(0000010960,10485178401,'KITR 116',1);
INSERT INTO PEDIDO_PRODUCTO VALUES(0000010960,10485178401,'KIT 16',1);
INSERT INTO PEDIDO_PRODUCTO VALUES(0000011313,10462162826,'KIT 02',3);
INSERT INTO PEDIDO_PRODUCTO VALUES(0000011313,10462162826,'KIT 03',6);
INSERT INTO PEDIDO_PRODUCTO VALUES(0000010960,10485178401,'KITV 201L',3);
INSERT INTO PEDIDO_PRODUCTO VALUES(0000010960,10485178401,'LEDC48',12);
INSERT INTO PEDIDO_PRODUCTO VALUES(0000010960,10485178401,'LED-1240',6);
INSERT INTO PEDIDO_PRODUCTO VALUES(0000010960,10485178401,'LED12-4D',12);
INSERT INTO PEDIDO_PRODUCTO VALUES(0000010877,10200365157,'KITV 201L',2);
INSERT INTO PEDIDO_PRODUCTO VALUES(0000010877,10200365157,'KITV 101L',3);
INSERT INTO PEDIDO_PRODUCTO VALUES(0000011516,10200365157,'FENR 21N',2);
INSERT INTO PEDIDO_PRODUCTO VALUES(0000012238,10200365157,'BA-59288',2);
INSERT INTO PEDIDO_PRODUCTO VALUES(0000012238,10200365157,'BA360DF',2);
INSERT INTO PEDIDO_PRODUCTO VALUES(0000012238,10200365157,'BA180DF',2);
INSERT INTO PEDIDO_PRODUCTO VALUES(0000012238,10200365157,'BA216DF',4);
INSERT INTO PEDIDO_PRODUCTO VALUES(0000012238,10200365157,'LEDX CD16',6);
INSERT INTO PEDIDO_PRODUCTO VALUES(0000011583,10484192885,'PE 1350N',1);
INSERT INTO PEDIDO_PRODUCTO VALUES(0000010264,10484192885,'SNK 09',1);
INSERT INTO PEDIDO_PRODUCTO VALUES(0000011017,10179804366,'LED36D',2);
INSERT INTO PEDIDO_PRODUCTO VALUES(0000011351,10180788358,'ESK 10',1);
INSERT INTO PEDIDO_PRODUCTO VALUES(0000011773,10436259013,'EST 10',6);
INSERT INTO PEDIDO_PRODUCTO VALUES(0000012034,20602357202,'EST 10',10);
INSERT INTO PEDIDO_PRODUCTO VALUES(0000011980,10436259013,'ESK 18',2);
INSERT INTO PEDIDO_PRODUCTO VALUES(0000010771,10436259013,'ESK 18',2);
INSERT INTO PEDIDO_PRODUCTO VALUES(0000011574,10436259013,'ESK 18',2);
INSERT INTO PEDIDO_PRODUCTO VALUES(0000010978,10436259013,'ESK 12',1);
INSERT INTO PEDIDO_PRODUCTO VALUES(0000010806,20602357202,'ESK 10',1);
INSERT INTO PEDIDO_PRODUCTO VALUES(0000010266,10436259013,'EHS 21',1);
INSERT INTO PEDIDO_PRODUCTO VALUES(0000010798,10476829319,'ECO 100',1);
INSERT INTO PEDIDO_PRODUCTO VALUES(0000010806,20602357202,'EHS 20',2);
INSERT INTO PEDIDO_PRODUCTO VALUES(0000010771,10436259013,'EHS 20',2);
INSERT INTO PEDIDO_PRODUCTO VALUES(0000010290,20602357202,'ESH 19B',1);
INSERT INTO PEDIDO_PRODUCTO VALUES(0000011752,10436259013,'ESH 19B',2);
INSERT INTO PEDIDO_PRODUCTO VALUES(0000010290,20602357202,'ESC 12',1);
INSERT INTO PEDIDO_PRODUCTO VALUES(0000011008,10404693579,'FLX51',6);
INSERT INTO PEDIDO_PRODUCTO VALUES(0000012296,20568857144,'FLX51',4);
INSERT INTO PEDIDO_PRODUCTO VALUES(0000012303,20602357202,'FLX51',10);
INSERT INTO PEDIDO_PRODUCTO VALUES(0000012268,10422587565,'FLX51',6);
INSERT INTO PEDIDO_PRODUCTO VALUES(0000012268,10422587565,'FLX40',6);
INSERT INTO PEDIDO_PRODUCTO VALUES(0000012296,20568857144,'FLX40',4);
INSERT INTO PEDIDO_PRODUCTO VALUES(0000010972,10206767885,'FLX24',6);
INSERT INTO PEDIDO_PRODUCTO VALUES(0000011008,10404693579,'FLX24',6);
INSERT INTO PEDIDO_PRODUCTO VALUES(0000012268,10422587565,'FL F17R',6);
INSERT INTO PEDIDO_PRODUCTO VALUES(0000012250,10404693579,'FL F17R',10);
INSERT INTO PEDIDO_PRODUCTO VALUES(0000012303,20602357202,'FL F17R',4);
INSERT INTO PEDIDO_PRODUCTO VALUES(0000012296,20568857144,'FL F17R',6);
INSERT INTO PEDIDO_PRODUCTO VALUES(0000012334,20602357202,'FL F17R',18);
INSERT INTO PEDIDO_PRODUCTO VALUES(0000011071,10422587565,'FL F17R',4);
INSERT INTO PEDIDO_PRODUCTO VALUES(0000012250,10404693579,'FLF21R',10);
INSERT INTO PEDIDO_PRODUCTO VALUES(0000012357,10230034830,'FLX C9',6);
INSERT INTO PEDIDO_PRODUCTO VALUES(0000012250,10404693579,'FLX C9',40);
INSERT INTO PEDIDO_PRODUCTO VALUES(0000010972,10206767885,'FLX C9',10);
INSERT INTO PEDIDO_PRODUCTO VALUES(0000011344,10404693579,'FLX C9',40);
INSERT INTO PEDIDO_PRODUCTO VALUES(0000011345,10206767885,'FLX C9',20);
INSERT INTO PEDIDO_PRODUCTO VALUES(0000012799,10404693579,'FLX C9',50);
INSERT INTO PEDIDO_PRODUCTO VALUES(0000012734,10206767885,'FLX C9',20);
INSERT INTO PEDIDO_PRODUCTO VALUES(0000012646,10422587565,'FENR 21N',2);